{
    "permissionDenied": "Permission denied! Keep your hands off!",
    "notInVocal": "Hey, join a voice channel so I can reach you!",
    "noArgsSongSearch": "Look, I love you, but are you dumb?",
    "nothingPlaying": "Alright, I turned it off.",
    "noSongsQueued": "Come on, I'm here, but you haven't played anything.",
    "cantLoop": "Put a song on before enabling loop.",
    "badUrl": "Oops! That link is broken!",
    "errorJoin": "You need to be playing music first.",
    "noVolume": "Set the volume from 0.1 to 10.",
    "nothingPlayingVolume": "You need to play something before I can change the volume.",
    "toMuchArgsVolume": "Hey, put a number I can handle.",
    "volumeToHigh": "Volume can't be higher than 10.",
      "errorStartingGame": "An error occurred while starting the game.",
      "errorClearingQueue": "An error occurred while clearing the queue.",  
    "noNumber": "Hey, you didn't write any number.",
    "noArgsTime": "Please provide a time to seek to (format: mm:ss).",
  "invalidSeekPosition": "Invalid seek position. Please provide a valid time within the duration of the song.",
  "seekSuccess": "Seeked to position: POSITION",
    "earrapeFail": "Something happened, but I don't know what.",
    "startedPlaying": "Now playing '**SONG_TITLE**'.",
    "songAddedToQueue": "Don't worry, added '**SONG_TITLE**' to the queue.",
    "musicStopped": "Stopped it, .",
    "musicSkipped": "Skipped it, !",
    "loopOn": ":repeat_one: **Loop is on!**",
    "loopOff": ":repeat_one: **Loop is off!**",
    "joinMsg": "Alright, coming to you now!",
    "invalidArguments": "Invalid arguments.",
    "successAddReplay": "Replay added successfully.",
    "errorGeneric": "Error occurred.",
    "errorAddReplay": "Error occurred while adding replay.",
    "invalidCommand": "Invalid command.",
    "invalidArgs": "Invalid arguments! Usage: setdm [channel ID]",
    "invalidChannel": "Invalid channel ID! Please provide a valid text channel ID.",
    "dmChannelSet": "DM forwarding channel set successfully!",
    "notTikTokVideo": "The provided link is not a TikTok video.",
    "notInstagramVideo": "The provided link is not an Instagram video.",
    "seekingForward": "Seeking forward by 20 seconds.",
    "seekingToTime": "Seeking to {time} seconds.",
    "noSongPlaying": "There's currently no song playing.",
    "nowPlaying": "Currently playing: **SONG_TITLE**",
    "volumeChanged": "Changed the volume to VOLUME.",
    "startEarrape": "Changed the volume to ___**EARRAPE**___ :ear: :headstone:",
    "endEarrape": "Volume returned to normal.",
    "musicsQueued": ":musical_note: **Musics queued** :musical_note:",
    "earrapeWarning": "⚠ Are you sure? It can severely damage the hearing of all people in the channel! Press the reaction to continue.",
    "missingInviteLink": "You need to provide an invite link!",
    "invalidInviteLink": "The invite link you provided is invalid.",
    "guildNotFound": "The guild associated with the invite link was not found.",
    "botAlreadyInGuild": "The bot is already in the guild.",
    "errorJoining": "An error occurred while joining the server. Please try again later.",
    "errorFetchingInvite": "An error occurred while fetching the invite. Please try again later.",
    "unknownGuild": "The guild associated with the invite link is unknown.",
    "missingPermissions": "The bot does not have sufficient permissions to join the server.",
    "captchaChallenge": "The server requires CAPTCHA verification for bot joining. Please try again later.",
    "noPermission": "You don't have permission to change the bot's image.",
    "noAttachment": "Please attach an image to change the bot's image.",
    "avatarChanged": "Successfully changed the bot's image.",
    "errorChangingAvatar": "An error occurred while changing the bot's image. Please try again later.",
    "notInGuild": "This command cannot be used in private messages.",
    "noPermission1": "You don't have permission to change the bot's name.",
    "noUsername": "Please provide a new name to change the bot's name.",
    "usernameChanged": "Successfully changed the bot's name.",
    "errorChangingUsername": "An error occurred while changing the bot's name. Please try again later.",
    "passwordPrompt": "Please enter the password to change the bot's name.",
    "passwordTimeout": "The password entry time has expired. Please try again.",
    "invalidUsername": "The username is already taken.",
    "notInGuild2": "This command cannot be used in private messages.",
    "noPermission2": "You don't have permission to change the bot's nickname.",
    "noNickname": "Please provide a new name to change the bot's nickname.",
    "nicknameChanged": "Successfully changed the bot's nickname.",
    "errorChangingNickname": "An error occurred while changing the bot's nickname. Please try again later.",
    "noPresence": "Please provide a new status to change the bot's presence.",
    "presenceChanged": "Successfully changed the bot's presence.",
    "notInVocal1": "You must be in a voice channel to use this command.",
    "noVideoLink": "Send the video link.",
    "errorStreaming": "An error occurred while streaming the video. Please try again later.",
    "streamingStarted": "Streaming the video in the channel.",
    "errorHelp": "An error occurred while displaying the commands. Please try again later.",
    "errorStop": "An error occurred while trying to stop the music. Please try again later.",
    "errorSkipping": "An error occurred while skipping the music. Please try again later.",
    "errorChangingPresence": "An error occurred while changing the bot's presence. Please try again later.",
    "help1": "# الاوامر الخاصة بالبوت\n***\nava = تغير صورة البوت\njoin = يدخل البوت الروم\nloop, l = يشغل التكرار\nnp = الاغنية الحالية\nname = تغير اسم البوت\nplay, p = تشغيل الاغاني\nhelp = الاوامر\nskip = يسكب الاغنية\nstop = يوقف البوت\nv =  تغير الصوت (من 0.1 الى 10)\n-------------------------------\n***",
    "helpg": "# الالعاب\n***\nجمل\nحيوان ,اسم ,جماد\nاسرع\nايفينت\nاعلام\nصور\nبراند\nمشهور\nمعالم\nمقالات\nارقام {عكس الرقم}\n-------------------------------\n***",
    "help": "# الاوامر الخاصة بالبوت\n**ava, avatar, تغييرالصورة\njoin, p, تعال\nloop, l, تكرار\nchangename, usern, تغييرالاسم\nchangenickname, name, تغييرالاسم\nplay, p, ش, شغل\nqueue, q\nhelp, مساعدة\nskip, s, سكب, س\nstop, st, وقف\nvolume, v**",
    "helpDM":  "تم جاتك الاوامر خاص",
    "notAllowed": "You are not allowed to change the RPC status.",
    "invalidArgs1": "Invalid arguments. Usage: `rpc <timePlayed> <game>`",
    "rpcStatusChanged": "RPC status changed successfully.",
    "errorRpc": "An error occurred while changing RPC status.",
    "bioChanged": "Bot bio has been successfully changed.",
    "noBioAttachment": "Please provide the new bio as an attachment.",
    "errorChangingBio": "An error occurred while changing the bot's bio.",
    "statusChanged": "Bot's activity status has been changed successfully.",
    "errorChangingStatus": "An error occurred while changing the bot's activity status.",
    "missingInviteLinkOrCaptcha": "You forgot to provide an invite link or CAPTCHA solution!",
    "invalidCaptcha": "The CAPTCHA solution is invalid!",
    "questionPrompt": "Guess the word: [ {word} ]",
      "errorStartingEvent": "حدث خطأ أثناء بدء الحدث. يرجى المحاولة مرة أخرى لاحقًا.",
      "eventStart": "اللعبة تبدأ الآن! استعدوا للإجابة على الأسئلة.",
      "eventEnd": "انتهت اللعبة. شكرًا على المشاركة!",
      "congratsWinner": "تهانينا {user}، أنت الفائز بـ {points} نقاط!",
      "noWinner": "لم يجيب أحد بشكل صحيح. حظًا أوفر في المرة القادمة!",
      "questionPrompt1": "قدم حيوانًا، جمادًا، واسم إنسان يبدأ بالحرف: [ {letter} ]",
      "correctAnswer": "إجابة صحيحة من {user}! لقد حصلت على {points} نقطة.",
      "timeUp": "انتهى الوقت! لم يجب أحد بشكل صحيح.",
      "eventStart2": "ابدأ اللعبة! سأطرح عليك علماً ويجب عليك تخمين اسم الدولة.",
    "questionPrompt2": "# : {flag}، ما اسم الدولة؟",
    "eventStart3": "اللعبة بدأت! ستتلقى جملة عربية وعليك تقديم الإجابة الصحيحة بدون فواصل بين كل كلمة.",
    "questionPrompt3": "اكتب الجملة بدون  فواصل بين الكلمات:\n{sentence}",
    "questionPrompt4": " وش هالبراند؟:",
    "eventStart4": "ابدأ اللعبة! سأطرح عليك صورة  ويجب عليك تخمين اسم البراند.",
      "eventStart5": "اللعبة بدأت! سيتم عرض عدد عشوائي بين 1 و 1000، قم بإدخال عدده المعكوس.",
      "questionPrompt5": "ما هو عكس العدد  لـ {number}؟"
  }
  